{"v":"5.2.1","fr":60,"ip":0,"op":300,"w":1080,"h":1080,"nm":"puzzle","ddd":0,"assets":[],"layers":[{"ddd":0,"ind":1,"ty":4,"nm":"Puzzle Outlines 3","sr":1,"ks":{"o":{"a":0,"k":100,"ix":11},"r":{"a":1,"k":[{"i":{"x":[0],"y":[0.965]},"o":{"x":[0.333],"y":[0]},"n":["0_0p965_0p333_0"],"t":26,"s":[19],"e":[0]},{"i":{"x":[0.667],"y":[1]},"o":{"x":[0.167],"y":[0]},"n":["0p667_1_0p167_0"],"t":74,"s":[0],"e":[0]},{"i":{"x":[0.667],"y":[1]},"o":{"x":[0.882],"y":[0]},"n":["0p667_1_0p882_0"],"t":210,"s":[0],"e":[19]},{"t":250}],"ix":10},"p":{"a":1,"k":[{"i":{"x":0,"y":1},"o":{"x":0.333,"y":0},"n":"0_1_0p333_0","t":26,"s":[1444.5,342.5,0],"e":[694.5,360.5,0],"to":[-125,3,0],"ti":[125,-3,0]},{"i":{"x":0.667,"y":0.667},"o":{"x":0.167,"y":0.167},"n":"0p667_0p667_0p167_0p167","t":74,"s":[694.5,360.5,0],"e":[694.5,360.5,0],"to":[0,0,0],"ti":[0,0,0]},{"i":{"x":0.667,"y":1},"o":{"x":0.882,"y":0},"n":"0p667_1_0p882_0","t":210,"s":[694.5,360.5,0],"e":[1444.5,342.5,0],"to":[125,-3,0],"ti":[-125,3,0]},{"t":250}],"ix":2},"a":{"a":0,"k":[656.507,351.37,0],"ix":1},"s":{"a":0,"k":[108.148,108.148,100],"ix":6}},"ao":0,"shapes":[{"ty":"gr","it":[{"ind":0,"ty":"sh","ix":1,"ks":{"a":1,"k":[{"i":{"x":0.667,"y":1},"o":{"x":0.333,"y":0},"n":"0p667_1_0p333_0","t":120,"s":[{"i":[[0.927,-12.722],[15.191,-4.521],[6.261,7.824],[-15.191,4.521]],"o":[[-0.629,8.627],[-15.19,4.52],[-7.969,-9.96],[15.191,-4.521]],"v":[[31.027,-2.861],[4.726,9.372],[-23.984,13.51],[-3.066,-16.813]],"c":true}],"e":[{"i":[[0.927,-12.722],[15.191,-4.521],[6.261,7.824],[-15.191,4.521]],"o":[[-0.629,8.627],[-15.19,4.52],[-7.969,-9.96],[15.191,-4.521]],"v":[[31.951,7.31],[4.726,9.372],[-21.673,22.294],[2.944,-4.33]],"c":true}]},{"i":{"x":0.667,"y":1},"o":{"x":0.333,"y":0},"n":"0p667_1_0p333_0","t":140,"s":[{"i":[[0.927,-12.722],[15.191,-4.521],[6.261,7.824],[-15.191,4.521]],"o":[[-0.629,8.627],[-15.19,4.52],[-7.969,-9.96],[15.191,-4.521]],"v":[[31.951,7.31],[4.726,9.372],[-21.673,22.294],[2.944,-4.33]],"c":true}],"e":[{"i":[[0.927,-12.722],[15.191,-4.521],[6.261,7.824],[-15.191,4.521]],"o":[[-0.629,8.627],[-15.19,4.52],[-7.969,-9.96],[15.191,-4.521]],"v":[[31.951,7.31],[4.726,9.372],[-21.673,22.294],[2.944,-4.33]],"c":true}]},{"i":{"x":0.667,"y":1},"o":{"x":0.333,"y":0},"n":"0p667_1_0p333_0","t":166,"s":[{"i":[[0.927,-12.722],[15.191,-4.521],[6.261,7.824],[-15.191,4.521]],"o":[[-0.629,8.627],[-15.19,4.52],[-7.969,-9.96],[15.191,-4.521]],"v":[[31.951,7.31],[4.726,9.372],[-21.673,22.294],[2.944,-4.33]],"c":true}],"e":[{"i":[[0.927,-12.722],[15.191,-4.521],[6.261,7.824],[-15.191,4.521]],"o":[[-0.629,8.627],[-15.19,4.52],[-7.969,-9.96],[15.191,-4.521]],"v":[[31.027,-2.861],[4.726,9.372],[-23.984,13.51],[-3.066,-16.813]],"c":true}]},{"t":196}],"ix":2},"nm":"Path 1","mn":"ADBE Vector Shape - Group","hd":false},{"ty":"fl","c":{"a":0,"k":[0.936999990426,0.337000020345,0.654999976065,1],"ix":4},"o":{"a":0,"k":100,"ix":5},"r":1,"nm":"Fill 1","mn":"ADBE Vector Graphic - Fill","hd":false},{"ty":"tr","p":{"a":1,"k":[{"i":{"x":0.667,"y":1},"o":{"x":0.333,"y":0},"n":"0p667_1_0p333_0","t":120,"s":[659.845,345.692],"e":[667.704,367.422],"to":[1.30993151664734,3.62157535552979],"ti":[-1.30993151664734,-3.62157535552979]},{"i":{"x":0.667,"y":0.667},"o":{"x":0.333,"y":0.333},"n":"0p667_0p667_0p333_0p333","t":140,"s":[667.704,367.422],"e":[667.704,367.422],"to":[0,0],"ti":[0,0]},{"i":{"x":0.667,"y":1},"o":{"x":0.333,"y":0},"n":"0p667_1_0p333_0","t":166,"s":[667.704,367.422],"e":[659.845,345.692],"to":[-1.30993151664734,-3.62157535552979],"ti":[1.30993151664734,3.62157535552979]},{"t":196}],"ix":2},"a":{"a":0,"k":[0,0],"ix":1},"s":{"a":0,"k":[100,100],"ix":3},"r":{"a":0,"k":0,"ix":6},"o":{"a":0,"k":100,"ix":7},"sk":{"a":0,"k":0,"ix":4},"sa":{"a":0,"k":0,"ix":5},"nm":"Transform"}],"nm":"Group 5","np":2,"cix":2,"ix":1,"mn":"ADBE Vector Group","hd":false},{"ty":"gr","it":[{"ind":0,"ty":"sh","ix":1,"ks":{"a":0,"k":{"i":[[-2.698,-9.065],[9.064,-2.697],[2.698,9.064],[-9.065,2.697]],"o":[[2.697,9.064],[-9.066,2.698],[-2.697,-9.065],[9.065,-2.698]],"v":[[16.414,-2.303],[3.347,13.824],[-16.413,7.466],[-4.884,-13.832]],"c":true},"ix":2},"nm":"Path 1","mn":"ADBE Vector Shape - Group","hd":false},{"ty":"fl","c":{"a":0,"k":[0.255000005984,0.246999987434,0.298000021542,1],"ix":4},"o":{"a":0,"k":100,"ix":5},"r":1,"nm":"Fill 1","mn":"ADBE Vector Graphic - Fill","hd":false},{"ty":"tr","p":{"a":1,"k":[{"i":{"x":0.667,"y":1},"o":{"x":0.333,"y":0},"n":"0p667_1_0p333_0","t":120,"s":[716.137,293.644],"e":[718.911,314.449],"to":[0.46232876181602,3.46746563911438],"ti":[-0.46232876181602,-3.46746563911438]},{"i":{"x":0.667,"y":0.667},"o":{"x":0.333,"y":0.333},"n":"0p667_0p667_0p333_0p333","t":140,"s":[718.911,314.449],"e":[718.911,314.449],"to":[0,0],"ti":[0,0]},{"i":{"x":0.667,"y":1},"o":{"x":0.333,"y":0},"n":"0p667_1_0p333_0","t":166,"s":[718.911,314.449],"e":[716.137,293.644],"to":[-0.46232876181602,-3.46746563911438],"ti":[0.46232876181602,3.46746563911438]},{"t":196}],"ix":2},"a":{"a":0,"k":[0,0],"ix":1},"s":{"a":0,"k":[100,100],"ix":3},"r":{"a":0,"k":0,"ix":6},"o":{"a":0,"k":100,"ix":7},"sk":{"a":0,"k":0,"ix":4},"sa":{"a":0,"k":0,"ix":5},"nm":"Transform"}],"nm":"Group 6","np":2,"cix":2,"ix":2,"mn":"ADBE Vector Group","hd":false},{"ty":"gr","it":[{"ind":0,"ty":"sh","ix":1,"ks":{"a":0,"k":{"i":[[-2.697,-9.065],[9.064,-2.697],[2.697,9.064],[-9.064,2.697]],"o":[[2.697,9.064],[-9.065,2.698],[-2.698,-9.065],[9.066,-2.698]],"v":[[16.414,-2.303],[3.347,13.824],[-16.412,7.466],[-4.884,-13.832]],"c":true},"ix":2},"nm":"Path 1","mn":"ADBE Vector Shape - Group","hd":false},{"ty":"fl","c":{"a":0,"k":[0.255000005984,0.246999987434,0.298000021542,1],"ix":4},"o":{"a":0,"k":100,"ix":5},"r":1,"nm":"Fill 1","mn":"ADBE Vector Graphic - Fill","hd":false},{"ty":"tr","p":{"a":1,"k":[{"i":{"x":0.667,"y":1},"o":{"x":0.333,"y":0},"n":"0p667_1_0p333_0","t":120,"s":[589.152,331.433],"e":[597.474,353.625],"to":[1.38698625564575,3.6986300945282],"ti":[-1.38698625564575,-3.6986300945282]},{"i":{"x":0.667,"y":0.667},"o":{"x":0.333,"y":0.333},"n":"0p667_0p667_0p333_0p333","t":140,"s":[597.474,353.625],"e":[597.474,353.625],"to":[0,0],"ti":[0,0]},{"i":{"x":0.667,"y":1},"o":{"x":0.333,"y":0},"n":"0p667_1_0p333_0","t":166,"s":[597.474,353.625],"e":[589.152,331.433],"to":[-1.38698625564575,-3.6986300945282],"ti":[1.38698625564575,3.6986300945282]},{"t":196}],"ix":2},"a":{"a":0,"k":[0,0],"ix":1},"s":{"a":0,"k":[100,100],"ix":3},"r":{"a":0,"k":0,"ix":6},"o":{"a":0,"k":100,"ix":7},"sk":{"a":0,"k":0,"ix":4},"sa":{"a":0,"k":0,"ix":5},"nm":"Transform"}],"nm":"Group 7","np":2,"cix":2,"ix":3,"mn":"ADBE Vector Group","hd":false},{"ty":"gr","it":[{"ind":0,"ty":"sh","ix":1,"ks":{"a":0,"k":{"i":[[0,0],[36.338,13.526],[22.815,0.189],[-4.954,-0.936],[-1.893,-6.896]],"o":[[0,0],[-17.332,-6.451],[13.761,-3.604],[24.751,1.028],[18.45,58.755]],"v":[[97.772,90.84],[17.246,-62.973],[-44.469,-73.754],[16.78,-90.869],[51.052,-65.146]],"c":true},"ix":2},"nm":"Path 1","mn":"ADBE Vector Shape - Group","hd":false},{"ty":"fl","c":{"a":0,"k":[1,0.494117676978,0.749019607843,1],"ix":4},"o":{"a":0,"k":100,"ix":5},"r":1,"nm":"Fill 1","mn":"ADBE Vector Graphic - Fill","hd":false},{"ty":"tr","p":{"a":0,"k":[740.961,236.168],"ix":2},"a":{"a":0,"k":[0,0],"ix":1},"s":{"a":0,"k":[100,100],"ix":3},"r":{"a":0,"k":0,"ix":6},"o":{"a":0,"k":100,"ix":7},"sk":{"a":0,"k":0,"ix":4},"sa":{"a":0,"k":0,"ix":5},"nm":"Transform"}],"nm":"Group 13","np":2,"cix":2,"ix":4,"mn":"ADBE Vector Group","hd":false},{"ty":"gr","it":[{"ind":0,"ty":"sh","ix":1,"ks":{"a":0,"k":{"i":[[0,0],[0,0],[5.83,-0.858],[2.555,-0.76],[-9.331,-24.005],[-26.795,7.974],[-2.342,1.081],[-1.68,-5.648],[0,0],[0,0],[1.895,6.341],[0,0],[-24.687,7.346],[-7.975,-26.796],[0,0],[-6.343,1.888],[0,0],[5.618,18.878],[0,0],[18.878,-5.618]],"o":[[0,0],[1.681,5.648],[-2.552,0.376],[-26.796,7.974],[9.672,24.881],[2.555,-0.76],[5.35,-2.469],[0,0],[0,0],[6.343,-1.887],[0,0],[-7.974,-26.796],[24.685,-7.346],[0,0],[1.878,6.346],[0,0],[18.877,-5.618],[0,0],[-5.617,-18.878],[0,0]],"v":[[-186.676,-100.863],[-161.807,-17.296],[-169.593,-4.845],[-177.262,-3.147],[-212.479,55.988],[-150.66,86.246],[-143.31,83.475],[-129.984,89.642],[-99.333,192.64],[6.35,161.191],[14.407,146.287],[14.318,145.988],[44.576,84.168],[103.711,119.386],[103.8,119.684],[118.693,127.759],[190.196,106.48],[214.205,62.128],[147.206,-163.014],[102.853,-187.022]],"c":true},"ix":2},"nm":"Path 1","mn":"ADBE Vector Shape - Group","hd":false},{"ty":"fl","c":{"a":0,"k":[1,0.541000007181,0.779999976065,1],"ix":4},"o":{"a":0,"k":100,"ix":5},"r":1,"nm":"Fill 1","mn":"ADBE Vector Graphic - Fill","hd":false},{"ty":"tr","p":{"a":0,"k":[645.024,333.84],"ix":2},"a":{"a":0,"k":[0,0],"ix":1},"s":{"a":0,"k":[100,100],"ix":3},"r":{"a":0,"k":0,"ix":6},"o":{"a":0,"k":100,"ix":7},"sk":{"a":0,"k":0,"ix":4},"sa":{"a":0,"k":0,"ix":5},"nm":"Transform"}],"nm":"Group 15","np":2,"cix":2,"ix":5,"mn":"ADBE Vector Group","hd":false}],"ip":0,"op":300,"st":0,"bm":0},{"ddd":0,"ind":2,"ty":4,"nm":"Puzzle Outlines 2","sr":1,"ks":{"o":{"a":0,"k":100,"ix":11},"r":{"a":1,"k":[{"i":{"x":[0],"y":[1]},"o":{"x":[0.333],"y":[0]},"n":["0_1_0p333_0"],"t":0,"s":[-32.422],"e":[0]},{"i":{"x":[0.667],"y":[1]},"o":{"x":[0.167],"y":[0]},"n":["0p667_1_0p167_0"],"t":45,"s":[0],"e":[0]},{"i":{"x":[0.667],"y":[1]},"o":{"x":[0.882],"y":[0]},"n":["0p667_1_0p882_0"],"t":210,"s":[0],"e":[-32.422]},{"t":250}],"ix":10},"p":{"a":1,"k":[{"i":{"x":0,"y":1},"o":{"x":0.333,"y":0},"n":"0_1_0p333_0","t":0,"s":[-219.5,-101.5,0],"e":[366.5,458.5,0],"to":[97.6666641235352,93.3333358764648,0],"ti":[-97.6666641235352,-93.3333358764648,0]},{"i":{"x":0.667,"y":0.667},"o":{"x":0.167,"y":0.167},"n":"0p667_0p667_0p167_0p167","t":45,"s":[366.5,458.5,0],"e":[366.5,458.5,0],"to":[0,0,0],"ti":[0,0,0]},{"i":{"x":0.667,"y":1},"o":{"x":0.882,"y":0},"n":"0p667_1_0p882_0","t":210,"s":[366.5,458.5,0],"e":[-219.5,-101.5,0],"to":[-97.6666641235352,-93.3333358764648,0],"ti":[97.6666641235352,93.3333358764648,0]},{"t":250}],"ix":2},"a":{"a":0,"k":[353.219,441.986,0],"ix":1},"s":{"a":0,"k":[108.148,108.148,100],"ix":6}},"ao":0,"shapes":[{"ty":"gr","it":[{"ind":0,"ty":"sh","ix":1,"ks":{"a":1,"k":[{"i":{"x":0.833,"y":1},"o":{"x":0.167,"y":0},"n":"0p833_1_0p167_0","t":120,"s":[{"i":[[0,0],[-15.718,4.677],[0,0]],"o":[[0,0],[15.717,-4.677],[0,0]],"v":[[-19.565,11.344],[4.038,11.826],[19.564,-0.301]],"c":false}],"e":[{"i":[[0,0],[-15.718,4.677],[0,0]],"o":[[0,0],[15.717,-4.677],[0,0]],"v":[[-19.565,11.344],[-3.36,-6.667],[19.564,-0.301]],"c":false}]},{"i":{"x":0.833,"y":1},"o":{"x":0.167,"y":0},"n":"0p833_1_0p167_0","t":140,"s":[{"i":[[0,0],[-15.718,4.677],[0,0]],"o":[[0,0],[15.717,-4.677],[0,0]],"v":[[-19.565,11.344],[-3.36,-6.667],[19.564,-0.301]],"c":false}],"e":[{"i":[[0,0],[-15.718,4.677],[0,0]],"o":[[0,0],[15.717,-4.677],[0,0]],"v":[[-19.565,11.344],[-3.36,-6.667],[19.564,-0.301]],"c":false}]},{"i":{"x":0.833,"y":1},"o":{"x":0.167,"y":0},"n":"0p833_1_0p167_0","t":166,"s":[{"i":[[0,0],[-15.718,4.677],[0,0]],"o":[[0,0],[15.717,-4.677],[0,0]],"v":[[-19.565,11.344],[-3.36,-6.667],[19.564,-0.301]],"c":false}],"e":[{"i":[[0,0],[-15.718,4.677],[0,0]],"o":[[0,0],[15.717,-4.677],[0,0]],"v":[[-19.565,11.344],[4.038,11.826],[19.565,-0.301]],"c":false}]},{"t":196}],"ix":2},"nm":"Path 1","mn":"ADBE Vector Shape - Group","hd":false},{"ty":"st","c":{"a":0,"k":[0.255000005984,0.246999987434,0.298000021542,1],"ix":3},"o":{"a":0,"k":100,"ix":4},"w":{"a":0,"k":9,"ix":5},"lc":2,"lj":1,"ml":10,"ml2":{"a":0,"k":10,"ix":8},"nm":"Stroke 1","mn":"ADBE Vector Graphic - Stroke","hd":false},{"ty":"tr","p":{"a":1,"k":[{"i":{"x":0.667,"y":1},"o":{"x":0.333,"y":0},"n":"0p667_1_0p333_0","t":120,"s":[334.131,441.677],"e":[360.021,479.588],"to":[4.31506872177124,6.31849336624146],"ti":[-4.31506872177124,-6.31849336624146]},{"i":{"x":0.667,"y":0.667},"o":{"x":0.333,"y":0.333},"n":"0p667_0p667_0p333_0p333","t":140,"s":[360.021,479.588],"e":[360.021,479.588],"to":[0,0],"ti":[0,0]},{"i":{"x":0.667,"y":1},"o":{"x":0.333,"y":0},"n":"0p667_1_0p333_0","t":166,"s":[360.021,479.588],"e":[334.131,441.677],"to":[-4.31506872177124,-6.31849336624146],"ti":[4.31506872177124,6.31849336624146]},{"t":196}],"ix":2},"a":{"a":0,"k":[0,0],"ix":1},"s":{"a":0,"k":[100,100],"ix":3},"r":{"a":0,"k":0,"ix":6},"o":{"a":0,"k":100,"ix":7},"sk":{"a":0,"k":0,"ix":4},"sa":{"a":0,"k":0,"ix":5},"nm":"Transform"}],"nm":"Group 10","np":2,"cix":2,"ix":1,"mn":"ADBE Vector Group","hd":false},{"ty":"gr","it":[{"ind":0,"ty":"sh","ix":1,"ks":{"a":0,"k":{"i":[[-2.698,-9.065],[9.064,-2.697],[2.698,9.064],[-9.064,2.698]],"o":[[2.697,9.065],[-9.065,2.698],[-2.697,-9.065],[9.065,-2.698]],"v":[[16.414,-4.884],[4.884,16.413],[-16.414,4.885],[-4.884,-16.413]],"c":true},"ix":2},"nm":"Path 1","mn":"ADBE Vector Shape - Group","hd":false},{"ty":"fl","c":{"a":0,"k":[0.255000005984,0.246999987434,0.298000021542,1],"ix":4},"o":{"a":0,"k":100,"ix":5},"r":1,"nm":"Fill 1","mn":"ADBE Vector Graphic - Fill","hd":false},{"ty":"tr","p":{"a":1,"k":[{"i":{"x":0.667,"y":1},"o":{"x":0.333,"y":0},"n":"0p667_1_0p333_0","t":120,"s":[387.428,394.045],"e":[391.428,414.045],"to":[0.66666668653488,3.33333325386047],"ti":[-0.66666668653488,-3.33333325386047]},{"i":{"x":0.667,"y":0.667},"o":{"x":0.333,"y":0.333},"n":"0p667_0p667_0p333_0p333","t":140,"s":[391.428,414.045],"e":[391.428,414.045],"to":[0,0],"ti":[0,0]},{"i":{"x":0.667,"y":1},"o":{"x":0.333,"y":0},"n":"0p667_1_0p333_0","t":166,"s":[391.428,414.045],"e":[387.428,394.045],"to":[-0.66666668653488,-3.33333325386047],"ti":[0.66666668653488,3.33333325386047]},{"t":196}],"ix":2},"a":{"a":0,"k":[0,0],"ix":1},"s":{"a":0,"k":[100,100],"ix":3},"r":{"a":0,"k":0,"ix":6},"o":{"a":0,"k":100,"ix":7},"sk":{"a":0,"k":0,"ix":4},"sa":{"a":0,"k":0,"ix":5},"nm":"Transform"}],"nm":"Group 11","np":2,"cix":2,"ix":2,"mn":"ADBE Vector Group","hd":false},{"ty":"gr","it":[{"ind":0,"ty":"sh","ix":1,"ks":{"a":1,"k":[{"i":{"x":0.667,"y":1},"o":{"x":0.333,"y":0},"n":"0p667_1_0p333_0","t":120,"s":[{"i":[[-2.697,-9.065],[9.064,-2.697],[2.697,9.064],[-9.065,2.697]],"o":[[2.698,9.065],[-9.066,2.698],[-2.697,-9.065],[9.065,-2.698]],"v":[[16.413,-4.884],[4.884,16.413],[-16.413,4.885],[-4.885,-16.413]],"c":true}],"e":[{"i":[[-2.697,-9.065],[9.064,-2.697],[2.697,9.064],[-9.065,2.697]],"o":[[2.698,9.065],[-9.066,2.698],[-2.697,-9.065],[9.065,-2.698]],"v":[[16.413,-4.884],[4.884,16.413],[-16.413,4.885],[-4.885,-16.413]],"c":true}]},{"t":196}],"ix":2},"nm":"Path 1","mn":"ADBE Vector Shape - Group","hd":false},{"ty":"fl","c":{"a":0,"k":[0.255000005984,0.246999987434,0.298000021542,1],"ix":4},"o":{"a":0,"k":100,"ix":5},"r":1,"nm":"Fill 1","mn":"ADBE Vector Graphic - Fill","hd":false},{"ty":"tr","p":{"a":1,"k":[{"i":{"x":0.667,"y":1},"o":{"x":0.333,"y":0},"n":"0p667_1_0p333_0","t":120,"s":[260.444,431.834],"e":[283.002,452.156],"to":[3.75970315933228,3.38698625564575],"ti":[-3.75970315933228,-3.38698625564575]},{"i":{"x":0.667,"y":0.667},"o":{"x":0.333,"y":0.333},"n":"0p667_0p667_0p333_0p333","t":140,"s":[283.002,452.156],"e":[283.002,452.156],"to":[0,0],"ti":[0,0]},{"i":{"x":0.667,"y":1},"o":{"x":0.333,"y":0},"n":"0p667_1_0p333_0","t":166,"s":[283.002,452.156],"e":[260.444,431.834],"to":[-3.75970315933228,-3.38698625564575],"ti":[3.75970315933228,3.38698625564575]},{"t":196}],"ix":2},"a":{"a":0,"k":[0,0],"ix":1},"s":{"a":0,"k":[100,100],"ix":3},"r":{"a":0,"k":0,"ix":6},"o":{"a":0,"k":100,"ix":7},"sk":{"a":0,"k":0,"ix":4},"sa":{"a":0,"k":0,"ix":5},"nm":"Transform"}],"nm":"Group 12","np":2,"cix":2,"ix":3,"mn":"ADBE Vector Group","hd":false},{"ty":"gr","it":[{"ind":0,"ty":"sh","ix":1,"ks":{"a":0,"k":{"i":[[0,0],[-23.031,31.193],[-40.571,12.073],[28.446,-8.026],[0,0]],"o":[[0,0],[19.403,-26.279],[-30.663,8.173],[-32.581,11.623],[0,0]],"v":[[-13.101,105.186],[-32.549,-59.537],[61.779,-113.272],[-32.235,-85.514],[-56.394,-41.171]],"c":true},"ix":2},"nm":"Path 1","mn":"ADBE Vector Shape - Group","hd":false},{"ty":"fl","c":{"a":0,"k":[1,0.733333333333,0.384313755409,1],"ix":4},"o":{"a":0,"k":100,"ix":5},"r":1,"nm":"Fill 1","mn":"ADBE Vector Graphic - Fill","hd":false},{"ty":"tr","p":{"a":0,"k":[200.972,404.456],"ix":2},"a":{"a":0,"k":[0,0],"ix":1},"s":{"a":0,"k":[100,100],"ix":3},"r":{"a":0,"k":0,"ix":6},"o":{"a":0,"k":100,"ix":7},"sk":{"a":0,"k":0,"ix":4},"sa":{"a":0,"k":0,"ix":5},"nm":"Transform"}],"nm":"Group 16","np":2,"cix":2,"ix":4,"mn":"ADBE Vector Group","hd":false},{"ty":"gr","it":[{"ind":0,"ty":"sh","ix":1,"ks":{"a":0,"k":{"i":[[0,0],[0,0],[-5.617,-18.878],[0,0],[-1.84,-1.154],[0,0],[0,0],[-0.786,-4.037],[-0.521,-1.777],[-25.903,7.829],[8.361,28.557],[0.667,1.682],[-3.701,1.1],[0,0],[0,0],[9.781,-0.178],[11.014,31.273],[-32.714,5.959],[0,0]],"o":[[0,0],[-18.878,5.618],[0,0],[0,0],[0.761,0.407],[0,0],[3.701,-1.101],[0.346,1.779],[8.366,28.556],[25.901,-7.829],[-0.52,-1.778],[-1.514,-3.817],[0,0],[0,0],[0,0],[-27.273,12.061],[-9.428,-29.353],[8.78,-3.75],[0,0]],"v":[[115.906,-204.66],[-173.622,-118.5],[-197.632,-74.147],[-122.288,179.037],[-119.378,184.135],[-114.351,183.357],[-9.38,152.118],[-2.074,159.064],[-0.775,164.401],[61.277,201.931],[93.026,136.051],[91.241,130.86],[92.168,121.9],[203.249,88.843],[172.525,-14.213],[161.26,-20.889],[89.824,-48.097],[134.338,-108.64],[141.284,-119.919]],"c":true},"ix":2},"nm":"Path 1","mn":"ADBE Vector Shape - Group","hd":false},{"ty":"fl","c":{"a":0,"k":[1,0.811999990426,0.513999968884,1],"ix":4},"o":{"a":0,"k":100,"ix":5},"r":1,"nm":"Fill 1","mn":"ADBE Vector Graphic - Fill","hd":false},{"ty":"tr","p":{"a":0,"k":[342.443,437.637],"ix":2},"a":{"a":0,"k":[0,0],"ix":1},"s":{"a":0,"k":[100,100],"ix":3},"r":{"a":0,"k":0,"ix":6},"o":{"a":0,"k":100,"ix":7},"sk":{"a":0,"k":0,"ix":4},"sa":{"a":0,"k":0,"ix":5},"nm":"Transform"}],"nm":"Group 17","np":2,"cix":2,"ix":5,"mn":"ADBE Vector Group","hd":false}],"ip":0,"op":300,"st":0,"bm":0},{"ddd":0,"ind":3,"ty":4,"nm":"Puzzle Outlines 4","sr":1,"ks":{"o":{"a":0,"k":100,"ix":11},"r":{"a":0,"k":0,"ix":10},"p":{"a":0,"k":[568.5,564.5,0],"ix":2},"a":{"a":0,"k":[540,540,0],"ix":1},"s":{"a":0,"k":[108.148,108.148,100],"ix":6}},"ao":0,"shapes":[{"ty":"gr","it":[{"ind":0,"ty":"sh","ix":1,"ks":{"a":0,"k":{"i":[[0,0],[0,0]],"o":[[0,0],[0,0]],"v":[[-20.624,-6.78],[20.624,6.78]],"c":false},"ix":2},"nm":"Path 1","mn":"ADBE Vector Shape - Group","hd":false},{"ty":"st","c":{"a":0,"k":[0.255000005984,0.246999987434,0.298000021542,1],"ix":3},"o":{"a":0,"k":100,"ix":4},"w":{"a":0,"k":12,"ix":5},"lc":2,"lj":1,"ml":10,"ml2":{"a":0,"k":10,"ix":8},"nm":"Stroke 1","mn":"ADBE Vector Graphic - Stroke","hd":false},{"ty":"tr","p":{"a":0,"k":[798.973,639.726],"ix":2},"a":{"a":0,"k":[0,0],"ix":1},"s":{"a":0,"k":[100,100],"ix":3},"r":{"a":0,"k":0,"ix":6},"o":{"a":0,"k":100,"ix":7},"sk":{"a":0,"k":0,"ix":4},"sa":{"a":0,"k":0,"ix":5},"nm":"Transform"}],"nm":"Group 1","np":2,"cix":2,"ix":1,"mn":"ADBE Vector Group","hd":false},{"ty":"gr","it":[{"ind":0,"ty":"sh","ix":1,"ks":{"a":0,"k":{"i":[[0,0],[0,0]],"o":[[0,0],[0,0]],"v":[[-15.994,7.469],[15.994,-7.469]],"c":false},"ix":2},"nm":"Path 1","mn":"ADBE Vector Shape - Group","hd":false},{"ty":"st","c":{"a":0,"k":[0.255000005984,0.246999987434,0.298000021542,1],"ix":3},"o":{"a":0,"k":100,"ix":4},"w":{"a":0,"k":12,"ix":5},"lc":2,"lj":1,"ml":10,"ml2":{"a":0,"k":10,"ix":8},"nm":"Stroke 1","mn":"ADBE Vector Graphic - Stroke","hd":false},{"ty":"tr","p":{"a":0,"k":[796.332,568.316],"ix":2},"a":{"a":0,"k":[0,0],"ix":1},"s":{"a":0,"k":[100,100],"ix":3},"r":{"a":0,"k":0,"ix":6},"o":{"a":0,"k":100,"ix":7},"sk":{"a":0,"k":0,"ix":4},"sa":{"a":0,"k":0,"ix":5},"nm":"Transform"}],"nm":"Group 2","np":2,"cix":2,"ix":2,"mn":"ADBE Vector Group","hd":false},{"ty":"gr","it":[{"ind":0,"ty":"sh","ix":1,"ks":{"a":0,"k":{"i":[[0,0],[0,0]],"o":[[0,0],[0,0]],"v":[[-8.536,-15.451],[8.536,15.451]],"c":false},"ix":2},"nm":"Path 1","mn":"ADBE Vector Shape - Group","hd":false},{"ty":"st","c":{"a":0,"k":[0.255000005984,0.246999987434,0.298000021542,1],"ix":3},"o":{"a":0,"k":100,"ix":4},"w":{"a":0,"k":12,"ix":5},"lc":2,"lj":1,"ml":10,"ml2":{"a":0,"k":10,"ix":8},"nm":"Stroke 1","mn":"ADBE Vector Graphic - Stroke","hd":false},{"ty":"tr","p":{"a":0,"k":[752.607,697.212],"ix":2},"a":{"a":0,"k":[0,0],"ix":1},"s":{"a":0,"k":[100,100],"ix":3},"r":{"a":0,"k":0,"ix":6},"o":{"a":0,"k":100,"ix":7},"sk":{"a":0,"k":0,"ix":4},"sa":{"a":0,"k":0,"ix":5},"nm":"Transform"}],"nm":"Group 3","np":2,"cix":2,"ix":3,"mn":"ADBE Vector Group","hd":false},{"ty":"tm","s":{"a":0,"k":0,"ix":1},"e":{"a":1,"k":[{"i":{"x":[0.667],"y":[1]},"o":{"x":[0.333],"y":[0]},"n":["0p667_1_0p333_0"],"t":106,"s":[0],"e":[100]},{"i":{"x":[0.667],"y":[1]},"o":{"x":[0.333],"y":[0]},"n":["0p667_1_0p333_0"],"t":136,"s":[100],"e":[100]},{"i":{"x":[0.667],"y":[1]},"o":{"x":[0.333],"y":[0]},"n":["0p667_1_0p333_0"],"t":166,"s":[100],"e":[0]},{"t":196}],"ix":2},"o":{"a":0,"k":0,"ix":3},"m":2,"ix":4,"nm":"Trim Paths 1","mn":"ADBE Vector Filter - Trim","hd":false}],"ip":0,"op":300,"st":0,"bm":0},{"ddd":0,"ind":4,"ty":4,"nm":"Puzzle Outlines","sr":1,"ks":{"o":{"a":0,"k":100,"ix":11},"r":{"a":1,"k":[{"i":{"x":[0],"y":[0.167]},"o":{"x":[0.333],"y":[0]},"n":["0_0p167_0p333_0"],"t":53,"s":[0],"e":[0]},{"i":{"x":[0.667],"y":[1]},"o":{"x":[0.167],"y":[0]},"n":["0p667_1_0p167_0"],"t":103,"s":[0],"e":[0]},{"i":{"x":[0.667],"y":[1]},"o":{"x":[0.882],"y":[0]},"n":["0p667_1_0p882_0"],"t":210,"s":[0],"e":[0]},{"t":250}],"ix":10},"p":{"a":1,"k":[{"i":{"x":0,"y":0.999},"o":{"x":0.333,"y":0},"n":"0_0p999_0p333_0","t":53,"s":[620.5,1322.5,0],"e":[444.5,762.5,0],"to":[-29.3333339691162,-93.3333358764648,0],"ti":[29.3333339691162,93.3333358764648,0]},{"i":{"x":0.667,"y":0.667},"o":{"x":0.167,"y":0.167},"n":"0p667_0p667_0p167_0p167","t":103,"s":[444.5,762.5,0],"e":[444.5,762.5,0],"to":[0,0,0],"ti":[0,0,0]},{"i":{"x":0.667,"y":1},"o":{"x":0.882,"y":0},"n":"0p667_1_0p882_0","t":210,"s":[444.5,762.5,0],"e":[620.5,1322.5,0],"to":[29.3333339691162,93.3333358764648,0],"ti":[-29.3333339691162,-93.3333358764648,0]},{"t":250}],"ix":2},"a":{"a":0,"k":[425.342,723.082,0],"ix":1},"s":{"a":0,"k":[108.148,108.148,100],"ix":6}},"ao":0,"shapes":[{"ty":"gr","it":[{"ind":0,"ty":"sh","ix":1,"ks":{"a":0,"k":{"i":[[0,0],[49.469,-23.116],[0,0],[-55.479,15.257]],"o":[[0,0],[-55.017,10.171],[0,0],[45.11,-12.405]],"v":[[433.664,567.74],[404.075,640.788],[339.349,593.167],[411.935,650.959]],"c":true},"ix":2},"nm":"Path 1","mn":"ADBE Vector Shape - Group","hd":false},{"ty":"st","c":{"a":0,"k":[1,1,1,1],"ix":3},"o":{"a":0,"k":100,"ix":4},"w":{"a":0,"k":36,"ix":5},"lc":1,"lj":1,"ml":4,"ml2":{"a":0,"k":4,"ix":8},"nm":"Stroke 1","mn":"ADBE Vector Graphic - Stroke","hd":true},{"ty":"fl","c":{"a":0,"k":[0.541176497936,0.623529434204,0.968627512455,1],"ix":4},"o":{"a":0,"k":100,"ix":5},"r":1,"nm":"Fill 1","mn":"ADBE Vector Graphic - Fill","hd":false},{"ty":"tr","p":{"a":0,"k":[0,0],"ix":2},"a":{"a":0,"k":[0,0],"ix":1},"s":{"a":0,"k":[100,100],"ix":3},"r":{"a":0,"k":0,"ix":6},"o":{"a":0,"k":100,"ix":7},"sk":{"a":0,"k":0,"ix":4},"sa":{"a":0,"k":0,"ix":5},"nm":"Transform"}],"nm":"Shape 1","np":3,"cix":2,"ix":1,"mn":"ADBE Vector Group","hd":false},{"ty":"gr","it":[{"ind":0,"ty":"sh","ix":1,"ks":{"a":1,"k":[{"i":{"x":0.667,"y":1},"o":{"x":0.333,"y":0},"n":"0p667_1_0p333_0","t":120,"s":[{"i":[[5.832,-1.735],[0,0],[0,0],[1.736,5.833],[-5.832,1.736],[0,0],[0,0],[-1.735,-5.832]],"o":[[0,0],[0,0],[-5.833,1.735],[-1.736,-5.833],[0,0],[0,0],[5.832,-1.736],[1.736,5.832]],"v":[[33.841,1.425],[3.738,10.383],[-27.555,19.696],[-41.258,12.279],[-33.841,-1.425],[-2.634,-10.711],[27.556,-19.695],[41.258,-12.278]],"c":true}],"e":[{"i":[[5.832,-1.735],[18.961,-4.603],[0,0],[1.736,5.833],[-5.832,1.736],[-21.16,5.278],[0,0],[-1.735,-5.832]],"o":[[0,0],[-18.961,4.603],[-5.833,1.735],[-1.736,-5.833],[0,0],[21.16,-5.278],[5.832,-1.736],[1.736,5.832]],"v":[[33.841,1.425],[2.351,-0.25],[-27.555,19.696],[-41.258,12.279],[-33.841,-1.425],[-4.483,-18.571],[27.556,-19.695],[41.258,-12.278]],"c":true}]},{"i":{"x":0.667,"y":1},"o":{"x":0.333,"y":0},"n":"0p667_1_0p333_0","t":140,"s":[{"i":[[5.832,-1.735],[18.961,-4.603],[0,0],[1.736,5.833],[-5.832,1.736],[-21.16,5.278],[0,0],[-1.735,-5.832]],"o":[[0,0],[-18.961,4.603],[-5.833,1.735],[-1.736,-5.833],[0,0],[21.16,-5.278],[5.832,-1.736],[1.736,5.832]],"v":[[33.841,1.425],[2.351,-0.25],[-27.555,19.696],[-41.258,12.279],[-33.841,-1.425],[-4.483,-18.571],[27.556,-19.695],[41.258,-12.278]],"c":true}],"e":[{"i":[[5.832,-1.735],[18.961,-4.603],[0,0],[1.736,5.833],[-5.832,1.736],[-21.16,5.278],[0,0],[-1.735,-5.832]],"o":[[0,0],[-18.961,4.603],[-5.833,1.735],[-1.736,-5.833],[0,0],[21.16,-5.278],[5.832,-1.736],[1.736,5.832]],"v":[[33.841,1.425],[2.351,-0.25],[-27.555,19.696],[-41.258,12.279],[-33.841,-1.425],[-4.483,-18.571],[27.556,-19.695],[41.258,-12.278]],"c":true}]},{"i":{"x":0.667,"y":1},"o":{"x":0.333,"y":0},"n":"0p667_1_0p333_0","t":166,"s":[{"i":[[5.832,-1.735],[18.961,-4.603],[0,0],[1.736,5.833],[-5.832,1.736],[-21.16,5.278],[0,0],[-1.735,-5.832]],"o":[[0,0],[-18.961,4.603],[-5.833,1.735],[-1.736,-5.833],[0,0],[21.16,-5.278],[5.832,-1.736],[1.736,5.832]],"v":[[33.841,1.425],[2.351,-0.25],[-27.555,19.696],[-41.258,12.279],[-33.841,-1.425],[-4.483,-18.571],[27.556,-19.695],[41.258,-12.278]],"c":true}],"e":[{"i":[[5.832,-1.735],[0,0],[0,0],[1.736,5.833],[-5.832,1.736],[0,0],[0,0],[-1.735,-5.832]],"o":[[0,0],[0,0],[-5.833,1.735],[-1.736,-5.833],[0,0],[0,0],[5.832,-1.736],[1.736,5.832]],"v":[[33.841,1.425],[3.738,10.383],[-27.555,19.696],[-41.258,12.279],[-33.841,-1.425],[-2.634,-10.711],[27.556,-19.695],[41.258,-12.278]],"c":true}]},{"t":196}],"ix":2},"nm":"Path 1","mn":"ADBE Vector Shape - Group","hd":false},{"ty":"mm","mm":4,"nm":"Merge Paths 1","mn":"ADBE Vector Filter - Merge","hd":false},{"ty":"fl","c":{"a":0,"k":[1,1,1,1],"ix":4},"o":{"a":0,"k":100,"ix":5},"r":1,"nm":"Fill 1","mn":"ADBE Vector Graphic - Fill","hd":false},{"ty":"tr","p":{"a":1,"k":[{"i":{"x":0.667,"y":1},"o":{"x":0.333,"y":0},"n":"0p667_1_0p333_0","t":120,"s":[440.566,746.469],"e":[466.457,756.64],"to":[4.31506872177124,1.69520545005798],"ti":[-4.31506872177124,-1.69520545005798]},{"i":{"x":0.667,"y":0.667},"o":{"x":0.333,"y":0.333},"n":"0p667_0p667_0p333_0p333","t":140,"s":[466.457,756.64],"e":[466.457,756.64],"to":[0,0],"ti":[0,0]},{"i":{"x":0.667,"y":1},"o":{"x":0.333,"y":0},"n":"0p667_1_0p333_0","t":166,"s":[466.457,756.64],"e":[440.566,746.469],"to":[-4.31506872177124,-1.69520545005798],"ti":[4.31506872177124,1.69520545005798]},{"t":196}],"ix":2},"a":{"a":0,"k":[0,0],"ix":1},"s":{"a":0,"k":[100,100],"ix":3},"r":{"a":0,"k":0,"ix":6},"o":{"a":0,"k":100,"ix":7},"sk":{"a":0,"k":0,"ix":4},"sa":{"a":0,"k":0,"ix":5},"nm":"Transform"}],"nm":"Group 4","np":3,"cix":2,"ix":2,"mn":"ADBE Vector Group","hd":false},{"ty":"gr","it":[{"ind":0,"ty":"sh","ix":1,"ks":{"a":0,"k":{"i":[[-2.697,-9.065],[9.064,-2.697],[2.697,9.064],[-9.065,2.697]],"o":[[2.698,9.064],[-9.066,2.698],[-2.697,-9.066],[9.065,-2.698]],"v":[[16.413,-4.884],[4.884,16.413],[-16.414,4.885],[-4.885,-16.413]],"c":true},"ix":2},"nm":"Path 1","mn":"ADBE Vector Shape - Group","hd":false},{"ty":"fl","c":{"a":0,"k":[0.255000005984,0.246999987434,0.298000021542,1],"ix":4},"o":{"a":0,"k":100,"ix":5},"r":1,"nm":"Fill 1","mn":"ADBE Vector Graphic - Fill","hd":false},{"ty":"tr","p":{"a":1,"k":[{"i":{"x":0.667,"y":1},"o":{"x":0.333,"y":0},"n":"0p667_1_0p333_0","t":120,"s":[493.938,691.916],"e":[505.959,679.896],"to":[2.00342464447021,-2.00342464447021],"ti":[-2.00342464447021,2.00342464447021]},{"i":{"x":0.667,"y":0.667},"o":{"x":0.333,"y":0.333},"n":"0p667_0p667_0p333_0p333","t":140,"s":[505.959,679.896],"e":[505.959,679.896],"to":[0,0],"ti":[0,0]},{"i":{"x":0.667,"y":1},"o":{"x":0.333,"y":0},"n":"0p667_1_0p333_0","t":166,"s":[505.959,679.896],"e":[493.938,691.916],"to":[-2.00342464447021,2.00342464447021],"ti":[2.00342464447021,-2.00342464447021]},{"t":196}],"ix":2},"a":{"a":0,"k":[0,0],"ix":1},"s":{"a":0,"k":[100,100],"ix":3},"r":{"a":0,"k":0,"ix":6},"o":{"a":0,"k":100,"ix":7},"sk":{"a":0,"k":0,"ix":4},"sa":{"a":0,"k":0,"ix":5},"nm":"Transform"}],"nm":"Group 8","np":2,"cix":2,"ix":3,"mn":"ADBE Vector Group","hd":false},{"ty":"gr","it":[{"ind":0,"ty":"sh","ix":1,"ks":{"a":0,"k":{"i":[[-2.698,-9.065],[9.065,-2.697],[2.697,9.064],[-9.064,2.697]],"o":[[2.697,9.064],[-9.065,2.698],[-2.698,-9.066],[9.065,-2.698]],"v":[[16.414,-4.884],[4.884,16.413],[-16.413,4.885],[-4.884,-16.413]],"c":true},"ix":2},"nm":"Path 1","mn":"ADBE Vector Shape - Group","hd":false},{"ty":"fl","c":{"a":0,"k":[0.255000005984,0.246999987434,0.298000021542,1],"ix":4},"o":{"a":0,"k":100,"ix":5},"r":1,"nm":"Fill 1","mn":"ADBE Vector Graphic - Fill","hd":false},{"ty":"tr","p":{"a":1,"k":[{"i":{"x":0.667,"y":1},"o":{"x":0.333,"y":0},"n":"0p667_1_0p333_0","t":120,"s":[366.953,729.705],"e":[384.521,718.609],"to":[2.92808222770691,-1.8493150472641],"ti":[-2.92808222770691,1.8493150472641]},{"i":{"x":0.667,"y":0.667},"o":{"x":0.333,"y":0.333},"n":"0p667_0p667_0p333_0p333","t":140,"s":[384.521,718.609],"e":[384.521,718.609],"to":[0,0],"ti":[0,0]},{"i":{"x":0.667,"y":1},"o":{"x":0.333,"y":0},"n":"0p667_1_0p333_0","t":166,"s":[384.521,718.609],"e":[366.953,729.705],"to":[-2.92808222770691,1.8493150472641],"ti":[2.92808222770691,-1.8493150472641]},{"t":196}],"ix":2},"a":{"a":0,"k":[0,0],"ix":1},"s":{"a":0,"k":[100,100],"ix":3},"r":{"a":0,"k":0,"ix":6},"o":{"a":0,"k":100,"ix":7},"sk":{"a":0,"k":0,"ix":4},"sa":{"a":0,"k":0,"ix":5},"nm":"Transform"}],"nm":"Group 9","np":2,"cix":2,"ix":4,"mn":"ADBE Vector Group","hd":false},{"ty":"gr","it":[{"ind":0,"ty":"sh","ix":1,"ks":{"a":0,"k":{"i":[[26.795,-7.974],[1.715,-0.708],[1.202,4.04],[0,0],[0,0],[1.944,-6.795],[45.019,-20.392],[11.847,11.356],[0.684,1.859],[0,0],[0,0],[0,0],[-18.877,5.619],[0,0],[5.618,18.877],[0,0],[-4.143,0.781],[-1.822,0.542],[7.347,24.685]],"o":[[-1.822,0.542],[-3.895,1.61],[0,0],[0,0],[0,0],[1.926,6.967],[-14.621,4.574],[-14.147,-13.943],[-2.747,-7.464],[0,0],[0,0],[5.618,18.878],[0,0],[18.878,-5.618],[0,0],[-1.202,-4.04],[1.823,-0.345],[26.795,-7.974],[-7.345,-24.685]],"v":[[148.897,-94.418],[143.591,-92.538],[134.065,-97.151],[105.648,-192.641],[-4.83,-159.918],[-9.577,-150.72],[-37.991,-84.063],[-82.271,-95.02],[-98.409,-124.269],[-107.341,-129.306],[-218.062,-96.309],[-140.891,163.013],[-96.538,187.022],[158.81,111.034],[182.819,66.682],[164.575,5.373],[170.029,-3.698],[175.499,-5.025],[210.715,-64.16]],"c":true},"ix":2},"nm":"Path 1","mn":"ADBE Vector Shape - Group","hd":false},{"ty":"fl","c":{"a":0,"k":[0.6,0.677999997606,0.976000019148,1],"ix":4},"o":{"a":0,"k":100,"ix":5},"r":1,"nm":"Fill 1","mn":"ADBE Vector Graphic - Fill","hd":false},{"ty":"tr","p":{"a":0,"k":[440.043,719.121],"ix":2},"a":{"a":0,"k":[0,0],"ix":1},"s":{"a":0,"k":[100,100],"ix":3},"r":{"a":0,"k":0,"ix":6},"o":{"a":0,"k":100,"ix":7},"sk":{"a":0,"k":0,"ix":4},"sa":{"a":0,"k":0,"ix":5},"nm":"Transform"}],"nm":"Group 20","np":2,"cix":2,"ix":5,"mn":"ADBE Vector Group","hd":false},{"ty":"rd","nm":"Round Corners 1","r":{"a":0,"k":10,"ix":1},"ix":6,"mn":"ADBE Vector Filter - RC","hd":false}],"ip":0,"op":300,"st":0,"bm":0}],"markers":[]}